Nodes,Average Path Length,Standard Deviation
1,1.0,0.0
2,1.5,0.0
3,1.6666666666666865,1.9761969838327786e-14
4,2.0,0.0
5,2.2000000000000175,1.7319479184152442e-14
6,2.436000000000001,0.0810596488190433
7,2.5347142857142897,0.10389859656100683
8,2.644,0.04487761134463415
9,2.7777777777778176,3.9968028886505635e-14
10,2.9196000000000435,0.03969685126052181
11,3.037727272727255,0.051004375116177274
12,3.145916666666657,0.04736083414712064
13,3.2529230769230826,0.053463253984649774
14,3.3549999999999716,0.06689544080129821
15,3.4492000000000225,0.0857737592610803
16,3.51625,0.09855201672213497
17,3.578352941176456,0.10030707178718314
18,3.64011111111114,0.09583157808376526
19,3.690315789473668,0.07969025910437162
20,3.7488999999999737,0.06545066844578407
21,3.810285714285697,0.054746250350481945
22,3.8688636363636824,0.049035638077350195
23,3.9341304347826416,0.046213423691613506
24,3.9931666666666707,0.04741776507222216
25,4.051679999999969,0.052440228832452696
26,4.1042692307692015,0.052700434522084956
27,4.15625925925928,0.05464737941399916
28,4.207821428571452,0.056697359384934726
29,4.262413793103433,0.05763780467664391
30,4.306766666666707,0.05878199837818815
31,4.356419354838748,0.06301973494641128
32,4.40328125,0.0673723837038402
33,4.44981818181819,0.06869947596716768
34,4.489647058823531,0.0764371872756705
35,4.539171428571417,0.08252326326310558
36,4.575916666666678,0.08559753209059263
37,4.616108108108109,0.09481204350642447
38,4.650421052631582,0.10044686857837944
39,4.67438461538461,0.09776058923392178
40,4.710224999999995,0.09843690555376071
41,4.7376829268292955,0.10113859533819917
42,4.762261904761896,0.09814254233908985
43,4.789674418604637,0.0961904546693537
44,4.8193636363636365,0.08872168387763274
45,4.842155555555558,0.08642813613661585
46,4.8712173913043415,0.08459350147318251
47,4.898276595744678,0.07798689109934405
48,4.920104166666671,0.0699198915376653
49,4.944183673469353,0.063766203402559
50,4.974920000000004,0.0635719560812781
51,5.003254901960785,0.06106967803074586
52,5.029480769230774,0.05609622636529166
53,5.055283018867916,0.052434841492557324
54,5.079537037037033,0.05001362982952012
55,5.104945454545398,0.05106474904512246
56,5.136607142857136,0.05279043812228559
57,5.162228070175436,0.05231480990293312
58,5.186793103448269,0.054735457187128196
59,5.212830508474557,0.054021687474660435
60,5.236216666666651,0.05535007527847944
61,5.260819672131151,0.058005689700444854
62,5.286387096774203,0.058155090646977534
63,5.3107460317460475,0.059569444940096174
64,5.333015625,0.06065847778945977
65,5.360830769230758,0.06290386014627221
66,5.383590909090929,0.058529797062427405
67,5.401626865671644,0.05845093027250764
68,5.426544117647055,0.060385467026658514
69,5.446376811594197,0.06023129820752607
70,5.472671428571423,0.06336069566459983
71,5.492309859154939,0.06042546366717396
72,5.511124999999997,0.06361565819507477
73,5.535684931506851,0.06847941643122242
74,5.554810810810828,0.06672565201600725
75,5.577693333333384,0.06663208569784108
76,5.5998289473684135,0.06962557036374237
77,5.619350649350636,0.07389587565299226
78,5.637384615384605,0.07517385503792093
79,5.657240506329055,0.07395906488268228
80,5.681212499999987,0.08321469878422912
81,5.698814814814819,0.08216435141346057
82,5.715975609756093,0.08363746801475444
83,5.731590361445772,0.08736619364899112
84,5.752035714285711,0.08743458763276943
85,5.770694117647125,0.0929053683812106
86,5.785802325581389,0.09181022986134536
87,5.7998045977011525,0.09343569990734432
88,5.816579545454546,0.09518707046266557
89,5.838449438202233,0.1007352819054885
90,5.854399999999996,0.10312594720851945
91,5.86424175824177,0.10165796449942273
92,5.878380434782615,0.10074936557845554
93,5.894301075268876,0.10141050560133054
94,5.906425531914894,0.10175707587099
95,5.9161684210526335,0.10323557977145242
96,5.930249999999996,0.10023604086798757
97,5.943268041237101,0.10225016003886342
98,5.958836734693863,0.10201165093400191
99,5.972303030303042,0.10235440609219017
100,5.981189999999984,0.10089739292964901
101,5.991742574257423,0.09566756765810223
102,6.003245098039209,0.0972662859996045
103,6.018339805825248,0.09635582591648484
104,6.033028846153845,0.09624888332173247
105,6.041419047619039,0.09666887119231488
106,6.054320754716965,0.08915141060075225
107,6.062205607476639,0.08323827670224083
108,6.073083333333322,0.08515375376244666
109,6.086110091743111,0.08525942527673211
110,6.097136363636377,0.08174530845587077
111,6.107477477477483,0.07962205790192169
112,6.121116071428566,0.07559277596056048
113,6.129424778761015,0.0738014764183529
114,6.140473684210527,0.06930923963424006
115,6.1545739130434995,0.07341202262683258
116,6.168051724137936,0.07032388760341356
117,6.176786324786325,0.06465750899322413
118,6.187745762711859,0.059565049453063165
119,6.202058823529408,0.06090609694100608
120,6.216883333333334,0.06831571114237835
121,6.223438016528929,0.06298404744780672
122,6.23875409836066,0.062422010464950856
123,6.250097560975526,0.06002035259718729
124,6.261322580645162,0.058381072581754255
125,6.272807999999991,0.05645687855345884
126,6.284015873015874,0.055913925769759114
127,6.296842519685064,0.05358057931524229
128,6.3088515625,0.05887583712166946
129,6.320325581395371,0.05371165395262286
130,6.330907692307705,0.05747841169213794
131,6.345709923664106,0.05682541192218378
132,6.352606060606072,0.05328944475172122
133,6.365751879699253,0.05255255883282832
134,6.376835820895513,0.055722828695080176
135,6.390466666666676,0.05604849507101544
136,6.403183823529401,0.05733177918407685
137,6.415839416058398,0.057249315711153125
138,6.422579710144906,0.056097508650479265
139,6.435525179856123,0.06059440059074085
140,6.4475642857142885,0.058433949717538555
141,6.460858156028368,0.059718097293104
142,6.466309859154941,0.05486152519784982
143,6.479286713286714,0.057164380897083755
144,6.489326388888888,0.059118651862766346
145,6.500586206896553,0.0569008462329112
146,6.514883561643842,0.06358698088238583
147,6.523006802721089,0.060386585286300754
148,6.528912162162163,0.05960484337625556
149,6.544187919463086,0.06030153499490881
150,6.552160000000029,0.05942428385021648
151,6.557788079470199,0.05706016682067809
152,6.574585526315791,0.0624526936619799
153,6.584581699346424,0.05722464618255817
154,6.5956948051947935,0.062040631289892414
155,6.602929032258168,0.06093611878287371
156,6.6139615384615364,0.06081732787743345
157,6.6255732484076555,0.062317859064962386
158,6.63013924050626,0.061014810351244696
159,6.645125786163527,0.06345546517268948
160,6.654787500000001,0.06196623450517225
161,6.662447204968951,0.06222792994801249
162,6.673858024691351,0.06286659746129347
163,6.683141104294471,0.06154083597766612
164,6.6924329268292535,0.06416607985984976
165,6.704175757575838,0.0646747258617249
166,6.711204819277101,0.06503357329405061
167,6.721910179640714,0.06506988082117632
168,6.729708333333341,0.06700427879820489
169,6.738710059171595,0.06441040704494516
170,6.751341176470583,0.06633249998027518
171,6.756964912280712,0.06695804769523687
172,6.768186046511626,0.06867350112397941
173,6.778537572254338,0.07162384594692935
174,6.787344827586208,0.06974748160601803
175,6.793617142857156,0.0694964538223178
176,6.799750000000005,0.07121121896591545
177,6.814548022598892,0.0715104220663446
178,6.822640449438196,0.0709128309421024
179,6.833491620111738,0.0744252710442306
180,6.840561111111105,0.07430592398662555
181,6.848364640883981,0.07749376254326897
182,6.857456043956029,0.07397525814605609
183,6.870732240437163,0.07634833443919035
184,6.879206521739132,0.07728041564184902
185,6.883529729729724,0.08050603124283219
186,6.8953333333333315,0.07755494697294879
187,6.90155614973268,0.08106460114471684
188,6.913579787234041,0.08113506792624903
189,6.918613756613749,0.08490671827157233
190,6.928063157894732,0.08326039252843383
191,6.935748691099483,0.08567403608688696
192,6.943614583333336,0.0879264354515484
193,6.9519792746114,0.08863832442637683
194,6.963623711340206,0.09340595207642385
195,6.967497435897448,0.08804663100181177
196,6.977551020408153,0.09118875709798101
197,6.9895736040609115,0.09640408943820099
198,6.989131313131305,0.09392539485133819
199,6.999994974874371,0.08995325770085091
200,7.007034999999991,0.09110534438220412
201,7.01749751243781,0.09603739059124043
202,7.0231188118811945,0.09696035863158749
203,7.025123152709361,0.09462386151518978
204,7.037210784313726,0.09381867841967946
205,7.0430878048780245,0.0987861017374924
206,7.048179611650474,0.09572950615935809
207,7.058608695652179,0.09923069578287716
208,7.067841346153854,0.10108905397418146
209,7.0669760765550285,0.1011633070706257
210,7.0771000000000095,0.09928708677822627
211,7.084582938388627,0.10152025949081547
212,7.091410377358473,0.10531861834312349
213,7.093877934272307,0.10180910939759466
214,7.098560747663561,0.09759147901846296
215,7.109888372093023,0.10296272293779321
216,7.115902777777784,0.10463308899148444
217,7.121451612903239,0.10083481891847709
218,7.13284862385321,0.10676919397429538
219,7.1320319634703235,0.10092726766722007
220,7.1386454545454665,0.10111690272416843
221,7.143411764705887,0.10581913686990913
222,7.15143243243244,0.10431270026575884
223,7.152130044843063,0.1022149455382888
224,7.165571428571423,0.10987751326326217
225,7.162271111111099,0.09859836264385607
226,7.17167699115043,0.09897356754506569
227,7.174832599118953,0.10212257905643132
228,7.183754385964923,0.1035609056934991
229,7.189318777292581,0.105026571537012
230,7.1930391304347925,0.10460943646056677
231,7.202090909090914,0.10352644474495366
232,7.202224137931025,0.09771114823751174
233,7.207437768240329,0.09864133574134966
234,7.212893162393164,0.10138347467823973
235,7.223140425531914,0.09879895824956678
236,7.227347457627113,0.10505264374342738
237,7.232919831223637,0.09795022136349127
238,7.234957983193278,0.09819513811464317
239,7.2437489539748965,0.10101275160995932
240,7.2516750000000005,0.09938634596305918
241,7.252132780082975,0.0955491211098237
242,7.252243801652892,0.0947228901064332
243,7.261798353909464,0.09692789170277036
244,7.2641434426229665,0.08861861269426381
245,7.272167346938777,0.09652774202921047
246,7.276609756097553,0.09420935693847535
247,7.281522267206476,0.09085517317367875
248,7.28331451612903,0.08534199234942068
249,7.291574297188742,0.0903073105130001
250,7.297648000000001,0.09111963617135434
251,7.301051792828692,0.08890712110352979
252,7.3074960317460365,0.08632187277101258
253,7.308498023715414,0.08457477497447727
254,7.3127519685039255,0.08288914323191028
255,7.324172549019522,0.08558001254213975
256,7.3241796875,0.0813432739103192
257,7.327712062256891,0.07744038394828005
258,7.335170542635647,0.08147571927242916
259,7.336583011583022,0.07606769228113343
260,7.347049999999981,0.08134908259866855
261,7.350283524904197,0.07601557903801565
262,7.35806488549618,0.07621173407257605
263,7.361627376425845,0.07800649997327559
264,7.369382575757569,0.0777750044496864
265,7.370090566037736,0.076321118454249
266,7.378251879699256,0.07455397885360301
267,7.387116104868921,0.07884445789304426
268,7.39019402985074,0.07559270662975039
269,7.3901301115241615,0.06815860942905838
270,7.401162962962969,0.07193364988850903
271,7.396959409594097,0.06615797006641587
272,7.408069852941178,0.0653517828587388
273,7.410849816849838,0.06885606643463017
274,7.414613138686144,0.06334058937732721
275,7.4261599999999035,0.06979832710112542
276,7.429992753623183,0.06844204970039806
277,7.4365631768953095,0.06959674763572754
278,7.439125899280581,0.06789963264516358
279,7.438534050179175,0.057515636525269705
280,7.44662499999999,0.0644187091556925
281,7.457622775800714,0.0643716602392892
282,7.461014184397163,0.06383116271173607
283,7.464749116607773,0.06312910716428159
284,7.467404929577463,0.05973401905641723
285,7.473764912280709,0.06505933754871501
286,7.479611888111881,0.059596303469729474
287,7.48926480836236,0.06374568402286877
288,7.488194444444445,0.059959356411625045
289,7.495636678200692,0.05828903093842195
290,7.4996137931034585,0.06027931971460571
291,7.5033092783505095,0.05614100516451949
292,7.5136746575342555,0.06123254640819864
293,7.514959044368594,0.056713785235016585
294,7.520370748299314,0.05811678922464688
295,7.525532203389837,0.058468530859198904
296,7.532277027027029,0.05779822739047776
297,7.538222222222213,0.05701442314635649
298,7.542848993288582,0.059428918080514745
299,7.5474949832775975,0.0561894408531204
300,7.552740000000016,0.05982013001954735
301,7.554607973421924,0.0548018735031514
302,7.562953642384105,0.05837456803619683
303,7.568521452145204,0.05637417338236045
304,7.571973684210519,0.05937819826639137
305,7.578924590163925,0.059069085402679675
306,7.582725490196075,0.05729452586273588
307,7.588583061889275,0.05910539688634383
308,7.59183766233766,0.0554663112157151
309,7.596595469255666,0.05713646041875552
310,7.603719354838745,0.059573719055311
311,7.608549839228306,0.05890899185215108
312,7.609173076923078,0.054816890441234264
313,7.6163578274760395,0.05672304202001014
314,7.622031847133771,0.05596791728321604
315,7.628314285714284,0.05696342543013647
316,7.634825949367094,0.057764649022862595
317,7.640236593059928,0.05762336970466392
318,7.6432798742138335,0.05881091947450181
319,7.6440188087774255,0.05829917327563567
320,7.651265625000001,0.05699566312654304
321,7.656249221183808,0.05490415929077818
322,7.659012422360253,0.05525116134371382
323,7.668715170278638,0.058025462500710306
324,7.669638888888898,0.05680200082115937
325,7.675430769230767,0.0587337609433979
326,7.678785276073617,0.05420770022628243
327,7.686709480122317,0.05808249111891972
328,7.692271341463425,0.05805736055351478
329,7.698416413373865,0.06063248206678552
330,7.6997818181818225,0.05909858660302861
331,7.709075528700905,0.059224857593698096
332,7.710966867469879,0.060757821801592254
333,7.713123123123112,0.05632957277058178
334,7.721514970059879,0.06115952358179138
335,7.724859701492514,0.06062439025789237
336,7.726601190476203,0.057153470926493866
337,7.735952522255161,0.05852830785901974
338,7.737180473372771,0.06224497080513853
339,7.745188790560461,0.05959854433095575
340,7.748564705882346,0.057695946857097495
341,7.752202346041157,0.05884250262262892
342,7.757318713450296,0.06180521558830428
343,7.757962099125368,0.060154374117316035
344,7.763049418604658,0.057495993508570695
345,7.769478260869548,0.05696084358718199
346,7.779080924855486,0.06393009726016753
347,7.778982708933706,0.05988696945869661
348,7.7812413793103365,0.06011324034424443
349,7.792203438395415,0.06390876827407833
350,7.791068571428569,0.06013197214019669
351,7.799518518518513,0.06408716744503531
352,7.800454545454553,0.061024578861362144
353,7.806470254957532,0.06217237438073148
354,7.8120000000000065,0.06407644597301466
355,7.816636619718305,0.06260997713034737
356,7.820148876404494,0.06235121610211742
357,7.8252128851540625,0.06423121268513174
358,7.828575418994404,0.06215577156992415
359,7.833874651810579,0.062477977218819994
360,7.836538888888895,0.06282018503751922
361,7.84485595567868,0.06230402480678686
362,7.846668508287285,0.06240795328084008
363,7.852909090909098,0.06389835304521217
364,7.856857142857139,0.06241593694627259
365,7.8592931506849375,0.06162592348587535
366,7.864415300546452,0.06402698824795236
367,7.872228882833793,0.06439657385199156
368,7.870391304347819,0.06307975343171261
369,7.876628726287285,0.06400803043015689
370,7.87765405405405,0.06457277568849644
371,7.889018867924528,0.0636500938137484
372,7.891588709677425,0.0638729566301793
373,7.897096514745319,0.06562136955771525
374,7.896612299465212,0.06400268172759142
375,7.90176266666667,0.0648691581022051
376,7.909874999999998,0.06629398053941646
377,7.9109496021220655,0.06361762571908812
378,7.914862433862434,0.06572340567546632
379,7.92125329815302,0.0650564062747271
380,7.925350000000001,0.06345807562080538
381,7.925451443569507,0.06454391065907093
382,7.937625654450262,0.06742446669157168
383,7.93688511749348,0.0656805661591897
384,7.940726562500005,0.06707000177886997
385,7.940387012987016,0.06473270281156665
386,7.947450777202073,0.06535090757263429
387,7.955124031007709,0.06796397690925884
388,7.960167525773189,0.06714656918543518
389,7.961652956298191,0.06283199758325268
390,7.97207435897435,0.06992995081536071
391,7.972956521739123,0.06976607661836812
392,7.975586734693882,0.06900805380536512
393,7.97762086513995,0.06675280330703486
394,7.981411167512696,0.06675807342131132
395,7.9851974683544285,0.06973925805975591
396,7.988994949494948,0.06562304097483608
397,7.995143576826186,0.07033496239341554
398,8.004469849246231,0.07107907239982016
399,8.00216791979949,0.06622105842529406
400,8.005154999999998,0.07019028404985975
401,8.013802992518706,0.07077325954818987
402,8.016995024875628,0.0668103715888322
403,8.019903225806447,0.06895730112304897
404,8.020547029702962,0.06966159250685497
405,8.02754814814814,0.07099572046497446
406,8.032014778325122,0.07398458832006055
407,8.03892137592138,0.07219071776454136
408,8.038264705882355,0.07381763185046496
409,8.045220048899754,0.07365153740774286
410,8.045670731707327,0.07256732396906282
411,8.051734793187363,0.07311724294024921
412,8.056213592233009,0.07404155553782314
413,8.056595641646489,0.07203070878241977
414,8.06282850241546,0.07238106709920396
415,8.066985542168673,0.07301239011411459
416,8.071281249999998,0.0720631457831829
417,8.077354916067144,0.07691387924146942
418,8.079040669856447,0.07378827699810031
419,8.085121718377092,0.07560723748817051
420,8.084502380952387,0.0750216869249838
421,8.092111638954867,0.0761427780106608
422,8.097642180094791,0.08036694048954159
423,8.094437352245862,0.07741644317790478
424,8.102198113207542,0.07671904724871902
425,8.10668470588229,0.08114627636234484
426,8.111464788732405,0.07907223053640412
427,8.113451990632317,0.08012684249712193
428,8.11638084112149,0.07699855877716263
429,8.119510489510493,0.08064335273544426
430,8.12259767441861,0.08126384430041048
431,8.129273781902587,0.08236655374006613
432,8.133634259259257,0.08117369728868941
433,8.13459122401847,0.08195656090577512
434,8.13814746543779,0.08279831572232192
435,8.144142528735625,0.0809148769554953
436,8.153965596330282,0.08601004155526074
437,8.149663615560636,0.08387427242217815
438,8.155036529680364,0.08334919358672967
439,8.157883826879274,0.08392568329739612
440,8.162715909090911,0.08588675079298813
441,8.17279365079371,0.08810471341718286
442,8.17309954751132,0.08719545949338299
443,8.179302483069977,0.08609592196140081
444,8.178207207207203,0.08815042048547987
445,8.180528089887662,0.08731141851184285
446,8.184524663677125,0.08958091354292956
447,8.191586129753913,0.08719268228166004
448,8.190904017857136,0.08640432618974164
449,8.20053006681515,0.09033509035508602
450,8.202113333333337,0.09202014269565326
451,8.203405764966638,0.08919960788233118
452,8.207037610619468,0.08606483146313595
453,8.209865342163353,0.09291826395097394
454,8.211480176211454,0.09113199834566743
455,8.216958241758235,0.09149620659765487
456,8.220092105263163,0.0918525919171028
457,8.217006564551415,0.09296275348967856
458,8.22577074235806,0.09072499295347641
459,8.226228758169915,0.091656865560944
460,8.23426739130434,0.09646602463208259
461,8.233052060737519,0.094033344357092
462,8.234192640692646,0.09394009692617045
463,8.243626349892013,0.09518504819647419
464,8.251290948275859,0.09435693840424395
465,8.250999999999886,0.09550226924848734
466,8.256231759656657,0.09892617243343613
467,8.254102783725905,0.09157886331066793
468,8.254861111111117,0.09368588159727262
469,8.26243070362473,0.09572576772601427
470,8.268402127659567,0.09684247239218571
471,8.268541401273888,0.09503161259645214
472,8.274076271186448,0.09975447235277689
473,8.271864693446084,0.09813833105025464
474,8.275512658227845,0.101674136187027
475,8.278991578947377,0.0986721718186681
476,8.278775210084033,0.09536943262912614
477,8.2854570230608,0.09785462958097108
478,8.289861924686196,0.09916293902129895
479,8.294012526096031,0.09726530767874715
480,8.293568750000002,0.09717693607735296
481,8.30594594594595,0.10435112666745275
482,8.30534647302905,0.10446917539545522
483,8.305968944099371,0.10170386593266018
484,8.302743801652896,0.09892464494089388
485,8.305855670103098,0.10155396695801817
486,8.316979423868307,0.10365166438777608
487,8.318092402464059,0.10133567129932006
488,8.312877049180326,0.09728035817438108
489,8.318905930470343,0.09940038730474042
490,8.319106122448986,0.10360573385820175
491,8.332234215885958,0.10496252015167626
492,8.332463414634146,0.10580733160065423
493,8.33376876267749,0.10262809124318815
494,8.330380566801619,0.10222204534945617
495,8.339781818181823,0.10609490808458902
496,8.343439516129036,0.10354349355020663
497,8.343907444668003,0.1040454682386087
498,8.352407630522094,0.10715514961538401
499,8.351895791583168,0.1077141312127402
500,8.355300000000005,0.10953705309163647
501,8.352896207584832,0.10384102575401935
502,8.356069721115535,0.10356675032398335
503,8.357504970178917,0.10392398356815875
504,8.36246230158729,0.10103215203271955
505,8.362093069306944,0.10312438111615577
506,8.368256916996051,0.10285587800832294
507,8.376739644970403,0.10974166397336478
508,8.379102362204717,0.10880797459906434
509,8.371640471512775,0.10324507620133908
510,8.381058823529411,0.10920474476117965
511,8.378882583170258,0.10146000342494418
512,8.382359375,0.10657421552855709
513,8.383005847953209,0.1047894487905821
514,8.387540856031126,0.10445488120597714
515,8.390784466019426,0.10646517981993833
516,8.401658914728696,0.1078319801977512
517,8.392243713733077,0.10579453750113826
518,8.398353281853284,0.10237312839025209
519,8.399258188824671,0.10385529425779735
520,8.40723846153846,0.10509136458930678
521,8.406522072936665,0.10765908669287012
522,8.413208812260532,0.10681292089316195
523,8.408598470363277,0.10136305467671126
524,8.40729389312977,0.10542772929337256
525,8.414596190476185,0.10343168338736777
526,8.41653041825094,0.1006541151845466
527,8.42090132827318,0.10619520095124745
528,8.419992424242425,0.09948379709198078
529,8.423283553875224,0.10570793326725668
530,8.424499999999991,0.10153090842151727
531,8.42730696798493,0.10245953050348114
532,8.431270676691721,0.10521413842506802
533,8.441457786116334,0.10934257326076036
534,8.44033146067415,0.10699002281837387
535,8.438248598130839,0.10392154620971138
536,8.440266791044781,0.10144050999600783
537,8.440854748603352,0.099462172874946
538,8.443715613382905,0.10713210360978703
539,8.446714285714286,0.10139010193828654
540,8.455153703703717,0.10958103763888044
541,8.447447319778188,0.09893301986304134
542,8.454302583025823,0.10155354596039971
543,8.45872375690607,0.1049006803562242
544,8.457176470588232,0.09939306760521961
545,8.463888073394504,0.10516582613000892
546,8.459745421245419,0.0992814649990418
547,8.467658135283365,0.10409902778284409
548,8.460268248175186,0.09911671466121691
549,8.471486338797815,0.09987809936350447
550,8.468959999999981,0.09660673993905852
551,8.48067332123412,0.10031578492613617
552,8.475250000000004,0.10223109966857212
553,8.479311030741451,0.10208528421350462
554,8.47910288808664,0.09935386123583843
555,8.485358558558561,0.10287127187127751
556,8.484501798561164,0.09636049332346606
557,8.490084380610421,0.09818015492660011
558,8.490125448028671,0.09659684233584204
559,8.486200357781755,0.09534622268161705
560,8.49501607142857,0.09922180174079069
561,8.49673083778961,0.09691788558962683
562,8.498893238434174,0.09555271336755351
563,8.499607460035534,0.0947247933956666
564,8.49999645390071,0.09241174886835017
565,8.503274336283178,0.09136435934578374
566,8.507450530035333,0.0984576824893276
567,8.51266843033509,0.09749348689463096
568,8.517679577464781,0.09769724927991442
569,8.515107205623897,0.09739831736863308
570,8.51770350877194,0.09434814214782758
571,8.51541506129597,0.08834529987788832
572,8.522541958041957,0.09373206976400658
573,8.530504363001748,0.09682222731166641
574,8.528930313588848,0.09388803461756567
575,8.525118260869569,0.09352272755930681
576,8.532329861111112,0.09112981201783879
577,8.529071057192382,0.09076888601101103
578,8.53651211072664,0.09372158012817516
579,8.539295336787571,0.09393773485864026
580,8.534479310344821,0.08880964017420381
581,8.539963855421682,0.09285317943875107
582,8.542439862542954,0.08891867954162873
583,8.54527615780445,0.08880445397623918
584,8.55463869863014,0.09145077642225478
585,8.548979487179489,0.08334506322880736
586,8.551694539249151,0.09095907553558336
587,8.552950596252138,0.08609617280909881
588,8.559496598639456,0.09024598199853301
589,8.55828522920204,0.08548930980147049
590,8.560833898305079,0.08672641931356341
591,8.563876480541465,0.08797953244533584
592,8.568087837837853,0.08825639517486654
593,8.567264755480606,0.08347446566630441
594,8.568101010101014,0.08538082058785154
595,8.573626890756303,0.08834191454939357
596,8.571392617449675,0.08205335305533817
597,8.572845896147403,0.07974094651180019
598,8.584178929765887,0.08711158156885215
599,8.578896494156918,0.0798338321917982
600,8.581223333333332,0.08467938296893766
601,8.585023294509153,0.08101463500037469
602,8.584614617940234,0.07899264357582798
603,8.587638474295181,0.07645658678705938
604,8.587485099337732,0.07988237686424329
605,8.593575206611561,0.0818424578894958
606,8.596674917491736,0.08052752486909677
607,8.599540362438216,0.07985961247970293
608,8.599425986842103,0.08069494645070803
609,8.600169129720856,0.07782773140104338
610,8.608616393442608,0.08453271120482773
611,8.60460720130933,0.07509341188027314
612,8.605818627450974,0.0741026651517485
613,8.611365415986956,0.08002622709236581
614,8.610863192182407,0.0736925439970269
615,8.614315447154608,0.07551261499991795
616,8.619709415584412,0.07646117543139987
617,8.622708265802261,0.07842774919664068
618,8.627480582524262,0.07878221713576736
619,8.621145395799681,0.07421342362386285
620,8.626904838709697,0.07405546826759651
621,8.628164251207728,0.07478528382232383
622,8.63275562700965,0.07581418989653052
623,8.631316211878012,0.07148842155044512
624,8.639375000000005,0.07631233070396992
625,8.638601599999998,0.07295842321103163
626,8.64063578274762,0.07229797156788978
627,8.643848484848492,0.07281453310055644
628,8.643151273885355,0.06984997076636101
629,8.649041335453106,0.07221033979462732
630,8.649661904761917,0.07211051243772473
631,8.652521394611728,0.07249570708075603
632,8.651210443037957,0.06792697331423816
633,8.655451816745654,0.07364496506506864
634,8.65735804416404,0.07424660280941789
635,8.658223622047258,0.06747316118972756
636,8.66356132075472,0.07133733527652307
637,8.66289010989012,0.07108366152408213
638,8.672152037617556,0.07044608223426625
639,8.665053208137715,0.06283250289893066
640,8.67159999999999,0.06824618350135045
641,8.67826209048362,0.07116807778574757
642,8.676419003115278,0.06673524871872932
643,8.675454121306354,0.06740676283990374
644,8.681504658385082,0.06556769053040871
645,8.683570542635657,0.06581320643105563
646,8.686886996904022,0.0715223477676373
647,8.686108191653778,0.06629237646927512
648,8.691194444444456,0.06593355418656424
649,8.691810477657947,0.06680442163988283
650,8.694003076923078,0.06269968990986234
651,8.69449155145929,0.0629851821354309
652,8.700731595092034,0.06617901544328623
653,8.700388973966302,0.06317804364575794
654,8.700620795107033,0.06218963966523353
655,8.704905343511458,0.06558279351474619
656,8.70892987804877,0.0614941109559085
657,8.711884322678833,0.0666682432067573
658,8.711112462006076,0.06409862073136902
659,8.71272230652504,0.06240885864752056
660,8.714172727272695,0.06184826741161132
661,8.723417549167925,0.06302690533452984
662,8.720018126888219,0.06200156340452315
663,8.721895927601816,0.06360170420442592
664,8.729227409638563,0.06413410556629259
665,8.726787969924812,0.06287112489740146
666,8.72978378378378,0.06358345108318707
667,8.731520239880064,0.06183142342931683
668,8.732652694610781,0.06038470617457605
669,8.739831091180863,0.06318508163811735
670,8.734967164179078,0.05695657747382429
671,8.739397913561852,0.0583721079508246
672,8.745386904761903,0.061863718364994116
673,8.74221991084696,0.06259315309832239
674,8.743854599406527,0.060503312909604624
675,8.751786666666657,0.06016310822895993
676,8.750806213017754,0.05922612086740901
677,8.75077695716396,0.05788690562322962
678,8.755545722713872,0.0598266233278802
679,8.760805596465387,0.06266945626547493
680,8.753994117647053,0.05446720831846374
681,8.760052863436112,0.05756395874323976
682,8.767939882697945,0.060101757073965964
683,8.767445095168366,0.05986381822041781
684,8.771694444444453,0.058409297717904304
685,8.771220437956195,0.05914124656836715
686,8.775679300291547,0.05868455147682735
687,8.778427947598248,0.060449812486123224
688,8.775659883720918,0.06129373190450645
689,8.785132075471696,0.06286628616042374
690,8.781946376811591,0.055596026760519474
691,8.788719247467435,0.05928516152213875
692,8.787968208092492,0.05932042947644089
693,8.786636363636362,0.05813157200057489
694,8.78994956772334,0.05663085208216968
695,8.79614388489208,0.06033170219835182
696,8.798448275862073,0.05954664374320958
697,8.802807747489314,0.05916642111040885
698,8.799962750716334,0.057490073812419315
699,8.80276537911302,0.05561118415851687
700,8.80209142857142,0.05710038964805036
701,8.80984736091299,0.060727496760381396
702,8.806461538461539,0.05851635301435736
703,8.811651493598848,0.05606962603699277
704,8.815612215909077,0.05561043297440791
705,8.81675744680849,0.05806575598844927
706,8.819048158640255,0.057176103032113214
707,8.822685997171138,0.06089992952399563
708,8.815995762711855,0.053449234861240744
709,8.825964739069105,0.05753574607620525
710,8.828692957746483,0.058996259636194606
711,8.828001406469756,0.057914256408804585
712,8.832473314606732,0.05715431358250762
713,8.833000000000006,0.0558272064385279
714,8.84089775910364,0.05977219881354764
715,8.83752027972029,0.05709904025518709
716,8.842942737430176,0.05750893641128917
717,8.843057182705722,0.05803355854332137
718,8.844115598885791,0.05679274630625989
719,8.848579972183595,0.058389562859061696
720,8.849816666666673,0.05896497600323205
721,8.850178918169208,0.055131936932178306
722,8.852155124653732,0.059879792517613877
723,8.855374827109259,0.05660247048079956
724,8.859319060773485,0.056736077924965364
725,8.85992,0.05657181537136151
726,8.859701101928382,0.056304768635196345
727,8.86327785419533,0.0561245749456489
728,8.866429945054946,0.05646195724158577
729,8.868093278463641,0.057682210900700324
730,8.86832602739726,0.056614221209516584
731,8.87687004103968,0.058069128303311596
732,8.873415300546451,0.05619811451365838
733,8.876283765347893,0.05640414672631591
734,8.879455040871951,0.05466071131079456
735,8.882307482993209,0.05744217016792472
736,8.883577445652172,0.060370427652102994
737,8.887951153324275,0.05638032506832351
738,8.888578590785912,0.0552217574546751
739,8.892255751014895,0.05785699548246605
740,8.891064864864852,0.054208250607203204
741,8.894291497975706,0.059074409367861805
742,8.900113207547175,0.059350941398459964
743,8.897581426648712,0.05749889083681447
744,8.904127688172045,0.061201488970540924
745,8.90438523489934,0.05885839019155745
746,8.906048257372667,0.05820510950119493
747,8.904651941097729,0.057699294829965095
748,8.908792780748644,0.06079456737937977
749,8.912259012016014,0.059329331856953216
750,8.91529733333333,0.059672130416505445
751,8.916616511318228,0.05863282673474938
752,8.91381382978723,0.0570866160655561
753,8.920067729083652,0.059010445655686944
754,8.921419098143256,0.05831197893455842
755,8.922851655629131,0.057784847673715764
756,8.924701058201054,0.058533420356885454
757,8.927431968295902,0.057562187134193546
758,8.931725593667561,0.058598465986364
759,8.93127272727272,0.057766273736208046
760,8.938890789473673,0.060700532323098126
761,8.940416557161623,0.05894854294796522
762,8.938608923884482,0.05987266703898707
763,8.940005242463943,0.05981269757624662
764,8.943527486910996,0.06061348562269623
765,8.94982352941179,0.05929917753133685
766,8.9485822454308,0.05971184335502332
767,8.949782268578877,0.05725427165362303
768,8.952531250000005,0.06080358415713803
769,8.95507802340702,0.06001305285949989
770,8.956450649350646,0.06033988891520442
771,8.960597924773007,0.06082120404169268
772,8.96461917098445,0.06130337057929509
773,8.963128072445018,0.0601335908965949
774,8.963669250645973,0.06126164327126097
775,8.968076129032266,0.06174769810300431
776,8.967282216494835,0.05851795012842609
777,8.971469755469748,0.06087597410217
778,8.974323907455013,0.060895063414779765
779,8.973951219512193,0.058664768779742575
780,8.977538461538465,0.06302835319945184
781,8.981204865556986,0.06201684007748371
782,8.980115089514074,0.056431770117025666
783,8.981510855683261,0.05871454228497009
784,8.986183673469377,0.06326880051244886
785,8.988475159235655,0.06072616663925341
786,8.988645038167931,0.05784708132065382
787,8.990213468869122,0.058409952655861706
788,8.99243401015229,0.060663569489411644
789,8.992287705956903,0.059589454958266834
790,9.001093670886064,0.061214141608220536
791,8.999906447534762,0.060555736955021124
792,8.997656565656582,0.058011751656646376
793,9.005313997477925,0.06011626140281761
794,9.003613350125937,0.06028360704824134
795,9.007179874213831,0.0600274285103826
796,9.004658291457268,0.062239212947242765
797,9.013205771643655,0.060306686844553266
798,9.016675438596497,0.06125095815423907
799,9.017107634543176,0.059052803775259066
800,9.016602500000003,0.06137696631269756
801,9.017530586766537,0.059482476854408696
802,9.020246882793012,0.060273563036413125
803,9.021476961394777,0.05837242480996567
804,9.023633084577124,0.061866814376997634
805,9.026151552795028,0.061033462903534785
806,9.029078163771706,0.06166987028882258
807,9.031291201982633,0.06010808063281516
808,9.032409653465338,0.05795600646069043
809,9.037466007416562,0.05815542725232894
810,9.036750617283952,0.0597839448937835
811,9.039663378545008,0.0609206540978949
812,9.041879310344834,0.06065702847765857
813,9.041947109471092,0.06117347668438237
814,9.048515970515982,0.06059674849326569
815,9.047417177914104,0.06349594231763998
816,9.050188725490184,0.06425512704184012
817,9.047444308445545,0.05940688338224867
818,9.051501222493881,0.061839845941844274
819,9.051998778998767,0.06339388990054935
820,9.056328048780507,0.06239679496823656
821,9.059031668696708,0.06327574502588831
822,9.061621654501208,0.06276083195083243
823,9.059889428918588,0.06349601965979547
824,9.06342111650485,0.06169280233669162
825,9.067407272727253,0.06304328163581194
826,9.068663438256676,0.06336989348288083
827,9.071096735187417,0.06181727824722631
828,9.068757246376803,0.06352893769352139
829,9.074662243667104,0.06155244030673031
830,9.072554216867484,0.062350201962100914
831,9.078617328519845,0.06337923518934735
832,9.080171875000008,0.06317052931387986
833,9.08138775510203,0.060811833260632595
834,9.083334532374108,0.06089703659987047
835,9.084934131736512,0.061305219605484525
836,9.086556220095694,0.06452254097552156
837,9.087201911589004,0.06272986097800885
838,9.08765990453461,0.061351909686090465
839,9.091218116805717,0.061895848560457725
840,9.097213095238084,0.06364062044018216
841,9.093814506539834,0.06199860244690095
842,9.097517814726828,0.06200653217740357
843,9.100180308422296,0.06486476797822502
844,9.105626777251178,0.06488561879468809
845,9.10044852071006,0.06053131650064475
846,9.10976359338062,0.06400309629992008
847,9.106458087367175,0.06296871542663897
848,9.110352594339618,0.06406551868826658
849,9.109455830388683,0.06402526984434746
850,9.114924705882393,0.06440283477179871
851,9.115856639247943,0.06735763805417479
852,9.119010563380282,0.06478740761003526
853,9.122003516998832,0.06437483158525041
854,9.120215456674472,0.06622567290121674
855,9.126526315789484,0.0648368731170089
856,9.129136682243,0.06519351370782567
857,9.129908984830807,0.06490450248564353
858,9.1290606060606,0.0639781930164469
859,9.128196740395802,0.0629265667608998
860,9.130377906976733,0.06081874869929306
861,9.132430894308962,0.06553041161920636
862,9.137639211136907,0.06736499185821239
863,9.140032444959454,0.06436652534122103
864,9.137584490740753,0.06351082524769507
865,9.1416647398844,0.06510325768229527
866,9.145944572748263,0.06708227244586715
867,9.1469573241061,0.06665411630608169
868,9.14998271889401,0.06511419201374874
869,9.151630609896442,0.06527821914378541
870,9.151320689655172,0.06460714741543276
871,9.1523972445465,0.06271117885282403
872,9.152271788990815,0.06515379530545205
873,9.15747193585339,0.06765706695523366
874,9.159000000000004,0.0631729084980392
875,9.164101714285705,0.06688856969800515
876,9.161565068493141,0.06589981088038573
877,9.167718358038773,0.06925935768613765
878,9.168905466970381,0.06678599892375195
879,9.168888509670076,0.06697950446487648
880,9.171843181818197,0.06695911925839163
881,9.170247446083991,0.06273603050922918
882,9.171832199546483,0.06565797583990463
883,9.176361268403175,0.06440943430951478
884,9.178291855203605,0.06771429243347807
885,9.17681129943503,0.06521373278577094
886,9.177838600451457,0.0677095531211468
887,9.179945885005631,0.06524064213432719
888,9.186022522522535,0.06613422115804468
889,9.185896512935924,0.06956139356685365
890,9.192556179775284,0.06799235027372923
891,9.187998877665542,0.06473157695826114
892,9.189149103139016,0.06394777597848943
893,9.193095184770444,0.06616258966155471
894,9.195196868008933,0.06690893291680397
895,9.199412290502785,0.06457400093461933
896,9.199521205357136,0.06779086723765573
897,9.198595317725752,0.0683531859502705
898,9.202859688195987,0.06893951841375917
899,9.205305895439384,0.06911882472194478
900,9.208171111111113,0.0684340782554033
901,9.208780244173136,0.06979256746611773
902,9.211539911308192,0.06715798378753751
903,9.20996234772982,0.06782936953008083
904,9.214830752212393,0.06766150980510292
905,9.214407734806628,0.06886107240537044
906,9.216295805739524,0.06691546691089792
907,9.220002205071655,0.06706476551496007
908,9.222200440528638,0.07114705740566168
909,9.226723872387232,0.06921349400373712
910,9.223552747252743,0.06600464638952845
911,9.226083424807905,0.06803574747988625
912,9.22564802631578,0.0666080229484173
913,9.226403066812704,0.06865869175194407
914,9.232637855579874,0.07127459871120463
915,9.23284262295081,0.06824912515626075
916,9.237598253275095,0.06988747026490942
917,9.242255179934569,0.06970308519205363
918,9.239544662309381,0.07035307054461352
919,9.239001088139286,0.07055886309142546
920,9.237977173913055,0.06779004824854928
921,9.242789359391955,0.07073080805785684
922,9.243655097613892,0.0710064121339227
923,9.251463705308778,0.07055547747569563
924,9.248880952380954,0.07289997695896536
925,9.254712432432443,0.07169661036250327
926,9.250633909287236,0.06795290989421787
927,9.25459223300971,0.07064549367824047
928,9.25667995689655,0.07234642384428552
929,9.252510226049525,0.0714853318968877
930,9.258365591397855,0.0703827272296841
931,9.262933404940924,0.0715083288671527
932,9.263945278969947,0.07077168135431278
933,9.26508038585209,0.06706043352053657
934,9.265569593147756,0.0721521783296461
935,9.26780213903736,0.07148584195361332
936,9.268783119658128,0.07168406499736935
937,9.272614727854853,0.07486772055679389
938,9.275743070362477,0.07280304404211686
939,9.272928647497343,0.07396950515461707
940,9.279899999999996,0.07408839956873424
941,9.27713177470777,0.07151025639553851
942,9.27928450106159,0.0723373337838286
943,9.279675503711552,0.07269636793080575
944,9.286149364406786,0.07449475645909939
945,9.28611111111112,0.07218202168185814
946,9.286937632135302,0.07595681942843499
947,9.286930306230198,0.07475948627054856
948,9.285255274261598,0.06919597991206851
949,9.29647734457323,0.07405779523994523
950,9.295307368421051,0.07125949019559627
951,9.296975814931663,0.07791071672743165
952,9.29754306722689,0.07103019218904959
953,9.305030430220352,0.07577720827764803
954,9.302685534591202,0.07600472264626681
955,9.302477486910998,0.07623876632278137
956,9.300740585774072,0.07667860567183774
957,9.305291536050145,0.07445707583718496
958,9.313328810020886,0.07680312193530964
959,9.309824817518264,0.0738383393992263
960,9.315314583333334,0.07747378025889902
961,9.316408949011432,0.07638513895864803
962,9.31609667359668,0.07773006057856273
963,9.3168774662513,0.077885604543275
964,9.325806016597513,0.0804527766121506
965,9.318249740932647,0.07626521079087477
966,9.319923395445127,0.07703097340425441
967,9.327153050672196,0.07651944938788192
968,9.323820247933865,0.0763256407645491
969,9.326164086687312,0.07667866852469454
970,9.326367010309282,0.07690587754839003
971,9.329928939237899,0.07688201771707917
972,9.337715020576141,0.07905798524736292
973,9.33576464542653,0.07979013994420553
974,9.337411704312112,0.07821061615403724
975,9.34180615384615,0.07950007424936266
976,9.340687499999998,0.07880042871584217
977,9.339953940634595,0.07654422376097836
978,9.344508179959098,0.08125528233412037
979,9.346244126659878,0.0781810219361781
980,9.34554489795918,0.0761745598019197
981,9.349184505606523,0.08041835048348937
982,9.349504073319752,0.07970847503135618
983,9.345324516785329,0.07613467893152306
984,9.352703252032535,0.0786548102098362
985,9.35390050761421,0.07945465607908392
986,9.35679918864097,0.07855165395113273
987,9.360274569402222,0.0813750577165672
988,9.360329959514173,0.08155171763538303
989,9.362254802831133,0.07996460991881811
990,9.365558585858583,0.08119750604080275
991,9.368565085771948,0.08304196128867587
992,9.366891129032267,0.08138672449267903
993,9.368722054380662,0.0853881594964985
994,9.374439637826962,0.08147514446639466
995,9.365976884422116,0.07803892540221431
996,9.3740532128514,0.08307651887009211
997,9.373970912738226,0.08405700499848352
998,9.372919839679353,0.08072337152143934
999,9.379855855855846,0.0842006284175242
1000,9.379542000000006,0.08289819199475944
1001,9.38101598401598,0.08180024535073832
1002,9.386752495009993,0.08493541293489322
1003,9.383570289132596,0.0826975591615359
1004,9.39126593625498,0.0853458992342974
1005,9.388341293532333,0.08312132479560433
1006,9.390912524850913,0.08302993205875558
1007,9.38952135054616,0.08384575406036641
1008,9.394062500000004,0.08197970420520635
1009,9.38785827552032,0.08198113495662537
1010,9.395625742574262,0.08670456660640696
1011,9.397695351137488,0.08525480185080757
1012,9.400342885375498,0.0824495021261018
1013,9.405988153998031,0.08685175040523671
1014,9.39949013806706,0.08563296509050371
1015,9.401553694581272,0.08740745484185342
1016,9.40073720472442,0.083560179593144
1017,9.4077708947886,0.08503822605881206
1018,9.40818369351671,0.08992005940856222
1019,9.409476938174684,0.08320529491799891
1020,9.405947058823525,0.08536582316089346
1021,9.409452497551431,0.08749723442944844
1022,9.414687866927578,0.08872673739150216
1023,9.417229716519971,0.08587547435521178
1024,9.412474609375,0.08527930720804736
1025,9.421228292682853,0.09148980390166706
1026,9.422021442495113,0.08932247350426255
1027,9.421707887049656,0.08867501829342865
1028,9.42624416342414,0.08755028618747125
1029,9.423786200194353,0.090874272469159
1030,9.425526213592232,0.08738070513203296
1031,9.426926285160036,0.08848660917937877
1032,9.436886627906972,0.08987549786199275
1033,9.439908034849962,0.09019865760701518
1034,9.432730174081241,0.08754584058730938
1035,9.438014492753629,0.08733519254084236
1036,9.438433397683403,0.09080629383592392
1037,9.441716489874636,0.09150064173832739
1038,9.439471098265892,0.09018493618495285
1039,9.441250240615982,0.08800916654602874
1040,9.443109615384623,0.08807969660984118
1041,9.446024015369844,0.09005319888648593
1042,9.446102687140105,0.09102762305967789
1043,9.445108341323111,0.08660714163355165
1044,9.451824712643685,0.08955854679774738
1045,9.448553110047841,0.09251645420252264
1046,9.452442638623342,0.08705222810064461
1047,9.451685768863406,0.08960095972268277
1048,9.457832061068707,0.0900410778938817
1049,9.459816968541462,0.09080578863110787
1050,9.460578095238091,0.09345084221238503
1051,9.461544243577546,0.0933236237627918
1052,9.464173954372626,0.0941236411282897
1053,9.468138651471989,0.09550875489049154
1054,9.462067362428838,0.09417245603242509
1055,9.46568625592417,0.09597222443866131
1056,9.468842803030297,0.091821017975968
1057,9.471223273415333,0.09284599755947634
1058,9.475619092627591,0.0919122826144885
1059,9.47077148253068,0.09452802987442162
1060,9.473527358490573,0.09300867408933533
1061,9.479068803016029,0.09450057705697903
1062,9.480898305084748,0.09606366926619533
1063,9.473430856067726,0.09491789765033459
1064,9.47477725563909,0.09278506813922796
1065,9.480073239436619,0.09278273807095141
1066,9.476740150093805,0.09306903086201697
1067,9.479990627928764,0.09478597729415796
1068,9.483954119850194,0.09353356255653432
1069,9.485591206735274,0.09472140821291529
1070,9.487980373831789,0.0958741845893809
1071,9.485455648926232,0.09426914628858872
1072,9.488781716417916,0.09729162483627496
1073,9.49283970177073,0.09881983319817814
1074,9.492689013035378,0.09396779836858687
1075,9.490315348837205,0.09195926899052664
1076,9.495086431226765,0.09912996224784017
1077,9.499326833797582,0.09728999671434549
1078,9.500260667903518,0.09394137376268612
1079,9.510022242817422,0.09801725961631226
1080,9.500571296296298,0.09257917639377099
1081,9.510740980573544,0.10212115991312998
1082,9.498049907578562,0.09166457138397671
1083,9.507469067405355,0.09577162820343872
1084,9.507107933579338,0.09750018275162069
1085,9.504853456221205,0.0953994219546111
1086,9.515876611418046,0.10126926573922441
1087,9.51227506899723,0.097012526784946
1088,9.513874999999993,0.09611066398602146
1089,9.519531680440771,0.09818634717955754
1090,9.512368807339447,0.09689800233576497
1091,9.515417048579298,0.09856464707847142
1092,9.51581959706959,0.09816183215965195
1093,9.51836413540713,0.1015640839944436
1094,9.517587751371103,0.10010023467876837
1095,9.527456621004568,0.09987923641545096
1096,9.523534671532836,0.09999687629984584
1097,9.534512306289884,0.10065560896996445
1098,9.525261384335149,0.09502967138898487
1099,9.530613284804371,0.10371694777055074
1100,9.534407272727272,0.10392457092995476
1101,9.531254314259764,0.10261448811200613
1102,9.529934664246815,0.09689122937436655
1103,9.531424297370824,0.10153154126852212
1104,9.532520833333336,0.09909772828675233
1105,9.538040723981904,0.09837474870939522
1106,9.539444846292936,0.10039874412336428
1107,9.535986449864502,0.10421679436533199
1108,9.545842960288814,0.10045036167171632
1109,9.541678990081154,0.10025649555593444
1110,9.545769369369365,0.10220818824347826
1111,9.541009900990089,0.10039421001756535
1112,9.545926258992809,0.10229798233579507
1113,9.548765498652317,0.101026808651329
1114,9.546962298025134,0.09998907327595494
1115,9.543118385650216,0.09865499417406667
1116,9.550119175627248,0.10481561072233093
1117,9.551692032229187,0.09950894630028012
1118,9.554804114490162,0.10262285105829609
1119,9.557550491510279,0.10277236971594898
1120,9.555985714285708,0.10248250062168404
1121,9.554896520963432,0.10237243780820161
1122,9.560154188948307,0.10060972236745137
1123,9.560433659839699,0.10214533180063942
1124,9.558772241992889,0.0994790129184076
1125,9.560424000000001,0.1013206677113879
1126,9.564314387211358,0.10412179535282784
1127,9.562211180124232,0.10496020359022326
1128,9.568085106382984,0.10388785684069995
1129,9.564333923826393,0.10018041872287356
1130,9.567594690265476,0.10333673477981306
1131,9.569857648099036,0.10624579658242485
1132,9.57185070671377,0.10284938058119576
1133,9.568469549867613,0.10387311708354435
1134,9.579462081128755,0.10715253837420319
1135,9.573999999999987,0.1036095773405139
1136,9.574504401408445,0.10555661510526196
1137,9.583774846086206,0.11098776093624858
1138,9.5750237258348,0.10590030066406717
1139,9.575737489025467,0.10420734320960158
1140,9.584951754385957,0.10612070637043552
1141,9.583885188431193,0.10790825485943333
1142,9.579733800350263,0.10700237635899101
1143,9.58182764654416,0.10402824278203736
1144,9.579562062937066,0.10447155396925649
1145,9.589486462882121,0.1052715840570006
1146,9.586541884816759,0.09961552106006107
1147,9.582937227550131,0.10158891399266608
1148,9.590448606271773,0.10566996939276059
1149,9.586309834638824,0.10328858778887337
1150,9.59709913043478,0.10562927325255952
1151,9.594303214596003,0.10592771499891177
1152,9.598928819444449,0.10884294104963303
1153,9.595692107545528,0.10750380772618971
1154,9.598445407279032,0.10491536993630474
1155,9.597881385281385,0.10500290404620286
1156,9.594862456747407,0.10134305149701525
1157,9.597692307692313,0.10535275543208272
1158,9.595136442141603,0.10374342106705221
1159,9.606773943054362,0.10472867459474516
1160,9.604650000000003,0.10789479934603671
1161,9.598897502153308,0.10185119301693667
1162,9.598937177280545,0.10194171210207954
1163,9.602788478073949,0.10584354985246242
1164,9.608104810996569,0.10572240639754331
1165,9.608524463519332,0.10641102474142569
1166,9.610613207547171,0.10422048553450293
1167,9.611320479862895,0.10633019063230796
1168,9.61034417808219,0.1031029185318765
1169,9.612329341317363,0.10765665172501337
1170,9.61400256410257,0.10858442154554904
1171,9.615280102476522,0.10480205695073458
1172,9.620394197952225,0.1057809403006749
1173,9.608397271952263,0.10454670819325851
1174,9.615462521294706,0.10675430522976889
1175,9.624348936170202,0.10984156300477446
1176,9.619939625850341,0.10448617041908946
1177,9.626121495327096,0.1111137188836213
1178,9.62650848896434,0.10851197201838524
1179,9.63288634435962,0.1067634436642911
1180,9.630196610169495,0.10593119516808341
1181,9.624787468247243,0.1046694970412561
1182,9.629148900169204,0.10949186898029131
1183,9.625368554522383,0.10542114974240041
1184,9.634727195945942,0.11001580943284105
1185,9.628081012658225,0.10624918911608704
1186,9.63056998313659,0.10562003658102476
1187,9.63073799494524,0.10568853525370911
1188,9.63894023569023,0.10580110710111827
1189,9.637830109335573,0.10664605490967907
1190,9.63805714285715,0.10863131220502142
1191,9.63902938706969,0.10317429735485655
1192,9.635799496644276,0.10902070415512505
1193,9.642243922883482,0.1097565011276251
1194,9.643719430485769,0.10865029655268468
1195,9.63880753138076,0.10319205857218017
1196,9.64035869565217,0.10680471828939753
1197,9.648016708437755,0.10595142053068919
1198,9.643167779632723,0.10412360673470768
1199,9.650171809841542,0.10531532987486139
1200,9.648507500000003,0.10778157348377737
1201,9.650777685262288,0.10653065066353544
1202,9.644724625623954,0.1053684108897058
1203,9.646655860349124,0.1016191632928324
1204,9.648131229235874,0.10849615827898446
1205,9.646264730290468,0.10364515991717452
1206,9.656515754560518,0.1127803728404923
1207,9.656247721623851,0.10931458988242357
1208,9.65150993377482,0.1061077183875322
1209,9.652736145574849,0.10153870219819847
1210,9.6496611570248,0.10198813864775827
1211,9.655755573905873,0.10613075024864461
1212,9.663180693069306,0.1075663593502259
1213,9.657150041220113,0.1080586465492824
1214,9.663901153212535,0.10854398063883457
1215,9.661183539094655,0.10902665328730446
1216,9.665538651315805,0.10731936244354072
1217,9.666201314708308,0.105935056902197
1218,9.664267651888336,0.10966808171419759
1219,9.66807957342084,0.10640629506281236
1220,9.663398360655734,0.10573042383115262
1221,9.666747747747747,0.10485370758873247
1222,9.665691489361718,0.1026521276014816
1223,9.673168438266556,0.10396916055023792
1224,9.669538398692804,0.10139511580408037
1225,9.676731428571422,0.10768900874701474
1226,9.674319738988581,0.10210184686145624
1227,9.673768541157306,0.10395374523517782
1228,9.679094462540709,0.10466866411201899
1229,9.679652563059395,0.1062850079240492
1230,9.679522764227661,0.10722641536314323
1231,9.676974004874081,0.10661385139544412
1232,9.678879870129865,0.10357626169360747
1233,9.680244120032436,0.10527804288630452
1234,9.67940113452187,0.10679640110769914
1235,9.678885020242918,0.10686027883599211
1236,9.680262135922332,0.10435556468422098
1237,9.677929668552972,0.1034672218477579
1238,9.679364297253645,0.10334246372453804
1239,9.68333494753833,0.10510632484809578
1240,9.690783870967744,0.10500426387457713
1241,9.695836422240129,0.10448026814505076
1242,9.687974235104683,0.10249794979456775
1243,9.691201126307323,0.10782411290463714
1244,9.695148713826352,0.10512364268723101
1245,9.693601606425691,0.10586217660161576
1246,9.694038523274463,0.10326084854059346
1247,9.699242983159575,0.1085359810935542
1248,9.695237980769218,0.10032557942874108
1249,9.696326661329064,0.10614406571041425
1250,9.69806399999999,0.1046430813001988
1251,9.697773780975227,0.10318544095660395
1252,9.705578274760386,0.10688942502363875
1253,9.700940143655219,0.10590171437670329
1254,9.701440988835728,0.1057064410603076
1255,9.70411474103585,0.10694649950164176
1256,9.706225318471349,0.10303201994100696
1257,9.70538902147972,0.10512048620176141
1258,9.709854531001586,0.10330798429880761
1259,9.705791898332013,0.10185269639512368
1260,9.706568253968259,0.10516274273266975
1261,9.708914353687556,0.10499633293140852
1262,9.711924722662433,0.10706502884190637
1263,9.708653206650826,0.09968828746318963
1264,9.714361550632908,0.10429230296620419
1265,9.714956521739119,0.10754773107278558
1266,9.71107345971565,0.10356042799450742
1267,9.713555643251764,0.10142021004501368
1268,9.715083596214509,0.1028759203246071
1269,9.71318360914106,0.10185293282338491
1270,9.71668740157481,0.10299479803114732
1271,9.721568056648385,0.10352494457592806
1272,9.724146226415117,0.10469918176252391
1273,9.723612725844472,0.1010098648641904
1274,9.721519623233911,0.09866880891652151
1275,9.723297254902025,0.09963526682548896
1276,9.72114576802507,0.10111877025148587
1277,9.72048003132342,0.10020262483357999
1278,9.725928794992186,0.09994778427352624
1279,9.723060985144642,0.10163501803497259
1280,9.725135937499989,0.10112969597361031
1281,9.731588602654183,0.10154060640809125
1282,9.732134165366606,0.10268028287142407
1283,9.731620420888543,0.10502187414671738
1284,9.731315420560726,0.10599374573040261
1285,9.730996887159549,0.10231846549845688
1286,9.735869362363923,0.10323402493546
1287,9.733715617715609,0.0999639349129831
1288,9.739767857142848,0.1049077015442982
1289,9.732213343677273,0.09991248062572142
1290,9.74283798449611,0.10067222192666742
1291,9.745373353989155,0.10578767376081906
1292,9.737112229102168,0.1006308733369304
1293,9.741804331013146,0.1017350568723729
1294,9.74107032457496,0.09841736549382031
1295,9.741435521235513,0.1002235622639689
1296,9.744378858024689,0.0966758782317721
1297,9.741529683885883,0.09617713989565821
1298,9.744721879815094,0.10007819751340327
1299,9.745457274826794,0.09757239960666873
1300,9.74367692307692,0.09740688042961639
1301,9.740109146810148,0.09395545154407582
1302,9.747969278033798,0.09836394244596465
1303,9.746374520337673,0.09687625180029134
1304,9.750555214723923,0.09899287316891194
1305,9.746095785440613,0.09403421659000656
1306,9.75194104134762,0.09451228305231395
1307,9.755618974751332,0.0997338096556447
1308,9.74967125382263,0.09475692926704098
1309,9.756278074866305,0.0942943194619202
1310,9.755649618320598,0.09640752709623424
1311,9.759032799389782,0.09916363763288928
1312,9.755150914634143,0.09340065237924404
1313,9.763230007616142,0.0975087987758688
1314,9.763345509893467,0.09995160031471717
1315,9.758137642585531,0.09182714842031052
1316,9.760063829787232,0.09693217273907012
1317,9.758646165527715,0.09745608498877631
1318,9.76023368740515,0.09751794971373606
1319,9.766592873388937,0.09712400536719962
1320,9.75862500000001,0.09299754128672691
1321,9.76704314912946,0.0964247322810864
1322,9.767179273827539,0.09491159042077359
1323,9.767422524565415,0.09513729083127012
1324,9.765177492447128,0.09030734649600143
1325,9.763083018867922,0.091219328596391
1326,9.771451734539966,0.09465510451258943
1327,9.768092690278825,0.09065616515877294
1328,9.771070783132537,0.09398613532065228
1329,9.776160270880354,0.09585562511737522
1330,9.77519323308272,0.09489579978291772
1331,9.775746806912085,0.09504337619943626
1332,9.777159159159188,0.09590013517204289
1333,9.776234058514614,0.09447360993239272
1334,9.780131934032994,0.08960382964751513
1335,9.778555056179748,0.09242276302297969
1336,9.77880913173651,0.08985092381351954
1337,9.776788332086756,0.09099188731031732
1338,9.782917787742889,0.0942341234109866
1339,9.78465944734877,0.09142631660252895
1340,9.785503731343285,0.09245656194706035
1341,9.785503355704684,0.08999955605642142
1342,9.79065499254845,0.09614283020352023
1343,9.783690245718555,0.09110544119935532
1344,9.786116071428562,0.0893162534577658
1345,9.791389591078069,0.08930846674696863
1346,9.788964338781582,0.09152109221222737
1347,9.795947290274691,0.09438860083422589
1348,9.791378338278927,0.0954906986303146
1349,9.792773165307631,0.0911364948591281
1350,9.795499999999997,0.09221264675857765
1351,9.798792746113993,0.09128477051700608
1352,9.798863905325446,0.09032769535159113
1353,9.801420546932777,0.09179512312521884
1354,9.79563958641064,0.09129790457416533
1355,9.797875276752777,0.08857141499213933
1356,9.800832595870206,0.08965388083392122
1357,9.796588798820945,0.08658291948855884
1358,9.801161266568483,0.08822785241851128
1359,9.797406916850617,0.08563363516886653
1360,9.802561029411764,0.08922256403912292
1361,9.80204702424687,0.08391724327933839
1362,9.804004405286346,0.08568386087923216
1363,9.80731034482759,0.08881063015430062
1364,9.808055718475087,0.08796387572588539
1365,9.807287912087908,0.08755527496525226
1366,9.80938945827233,0.08456662356588099
1367,9.812366495976587,0.08544303837081604
1368,9.812283625730982,0.09046704118545154
1369,9.808217677136598,0.08577832141121552
1370,9.812437226277378,0.0851718776948508
1371,9.81170021881838,0.08516096563315498
1372,9.811559766763837,0.08740149766245658
1373,9.821380917698468,0.09277592901276546
1374,9.814409024745245,0.08962051570161053
1375,9.814108363636356,0.08796472861586518
1376,9.816659883720932,0.08608109200647716
1377,9.816543209876547,0.08346603225115738
1378,9.820941219158197,0.08551499114837181
1379,9.821369833212477,0.08513739006458641
1380,9.824063043478267,0.08547854514317703
1381,9.821936278059372,0.08399798734834303
1382,9.826798842257588,0.08582166237964728
1383,9.823054229934925,0.08495582316220336
1384,9.824261560693635,0.08442392908677683
1385,9.826183393501816,0.08462170963535343
1386,9.829833333333315,0.08586758534752392
1387,9.826689978370565,0.08200107474739365
1388,9.828146974063399,0.084200257595505
1389,9.835807775377965,0.08574645522866355
1390,9.831458992805759,0.08575060345839332
1391,9.83246872753415,0.08337896424536805
1392,9.835184626436773,0.08501504914639503
1393,9.839039483129932,0.08610926656134421
1394,9.83563558106169,0.08203048082186085
1395,9.832404301075245,0.07956705211114386
1396,9.836269340974193,0.08362654946273279
1397,9.835218324982115,0.07860909245519931
1398,9.838324749642341,0.08101316600176933
1399,9.842197998570407,0.08380431412236843
1400,9.841037857142863,0.08179037975152068
1401,9.844194860813692,0.07958737643302558
1402,9.844980028530687,0.0820948965399673
1403,9.842812544547396,0.08414649460018396
1404,9.843562678062682,0.08117597003107577
1405,9.843385053380786,0.07513869283062038
1406,9.850147226173558,0.08461059847011808
1407,9.850896233120112,0.0857028356778693
1408,9.845697443181821,0.07456443201991726
1409,9.854476224272533,0.08243250723014547
1410,9.85228865248226,0.07984984295632573
1411,9.849297661233164,0.07726817948678529
1412,9.85375991501417,0.0823899395739754
1413,9.8569610757254,0.08114903791716703
1414,9.856904526166899,0.0828542026140196
1415,9.856403533568917,0.07682426504974367
1416,9.855171610169482,0.07856217081002112
1417,9.854940014114323,0.07536090422569125
1418,9.857806770098723,0.07942423391948776
1419,9.859503875968999,0.0828883614221326
1420,9.860676056338015,0.07641914120059794
1421,9.869930330753,0.08864248359526544
1422,9.86559423347399,0.07829274515844645
1423,9.868261419536193,0.08086938419869248
1424,9.865235252808999,0.07677874423841462
1425,9.865110175438605,0.07874861992781552
1426,9.86468723702668,0.0749709982763287
1427,9.866430974071474,0.07774813455481891
1428,9.865733893557433,0.07515239695973616
1429,9.866598320503904,0.07327775999426718
1430,9.87279650349651,0.07841649854383329
1431,9.867893780573032,0.07444808228447636
1432,9.874790502793292,0.07854339953966903
1433,9.873399162595957,0.07925754986308961
1434,9.873345188284521,0.07841782887432076
1435,9.876315679442516,0.07407011824076068
1436,9.876496518105842,0.07405610144875832
1437,9.87813917884483,0.08184961904376714
1438,9.877155076495136,0.07438176620053726
1439,9.881210562890882,0.07395972352366467
1440,9.883843750000013,0.07873275572697437
1441,9.877029146426105,0.0700239502308485
1442,9.880071428571423,0.07063955308516216
1443,9.885735273735293,0.07442878593071545
1444,9.88275207756234,0.07422367879268613
1445,9.881267128027678,0.07064495732753633
1446,9.885467496542203,0.07341442975933545
1447,9.886343469246704,0.07303062634307454
1448,9.886879834254149,0.07681593914869023
1449,9.887512767425807,0.07086414780694755
1450,9.889695862068969,0.07328133048641852
1451,9.89513921433494,0.07330377636591008
1452,9.894962121212119,0.07585782177590812
1453,9.89180041293875,0.06992962613323624
1454,9.892483493810172,0.07152242725028422
1455,9.896164261168375,0.07278919803870407
1456,9.899883241758245,0.07376870845736072
1457,9.895687714481818,0.07146036654935314
1458,9.897738683127567,0.07074014886692064
1459,9.90093351610692,0.07247869518828097
1460,9.898510958904124,0.07135776632162552
1461,9.898252566735115,0.06984627950415476
1462,9.901793433652522,0.06995774157962191
1463,9.89937252221464,0.06924736591384886
1464,9.902765027322394,0.0679096838712014
1465,9.90601774744025,0.07075107597896409
1466,9.902493178717599,0.0713577282202323
1467,9.904267211997267,0.07072639964626581
1468,9.908282016348775,0.07346642871872343
1469,9.906281143635185,0.06913749209454396
1470,9.905572789115636,0.06784424079344469
1471,9.910436437797427,0.0709639243457176
1472,9.911748641304348,0.06972089237590626
1473,9.911638153428385,0.06915217400902665
1474,9.9145223880597,0.0712270137444465
1475,9.90767796610169,0.06368844872055619
1476,9.915539972899728,0.07219508962404265
1477,9.916133378469858,0.0676803149979269
1478,9.917479025710417,0.07509059779134163
1479,9.916958079783642,0.06706676457928436
1480,9.91804999999999,0.07482646774870978
1481,9.920854827819033,0.06732350382233178
1482,9.922902834008086,0.06992331641674909
1483,9.922379635873247,0.06625745242664294
1484,9.922291778975735,0.06939847394409691
1485,9.923150841750845,0.0674053365810731
1486,9.922645356662184,0.0652421011057422
1487,9.926516476126425,0.06675124468203747
1488,9.926737903225803,0.06653290907414741
1489,9.927986568166558,0.068032057450355
1490,9.928731543624172,0.0686180873897748
1491,9.929118041582838,0.06496747479399784
1492,9.932956434316358,0.07092149288315554
1493,9.932170797052919,0.07056238443179506
1494,9.9315515394913,0.0691614428556365
1495,9.935345150501664,0.06820338194973419
1496,9.93541310160429,0.06450175627973422
1497,9.934378089512368,0.06705458038179168
1498,9.939578104138857,0.06863168969294751
1499,9.935162775183462,0.06490187145222001
1500,9.93820333333335,0.06464191957752086
1501,9.9319926715523,0.06479925147401089
1502,9.93837616511318,0.06355033174642272
1503,9.939324018629407,0.06633860175381519
1504,9.941178856382983,0.0683610653197536
1505,9.938089700996677,0.06253956838444656
1506,9.945069057104918,0.06512602162027292
1507,9.943460517584596,0.06132798930448176
1508,9.945819628647225,0.06767157515754822
1509,9.945903247183578,0.06585943176540161
1510,9.946734437086084,0.06931369323777285
1511,9.946837855724691,0.06423045327258096
1512,9.950170634920621,0.06543751542033219
1513,9.94674950429608,0.06594124276712367
1514,9.94968295904888,0.06196168208401166
1515,9.950544554455448,0.0626331113090143
1516,9.95198416886544,0.06692801694125253
1517,9.954287409360582,0.06307305760693528
1518,9.95448550724638,0.062368717693777935
1519,9.957579986833439,0.0661485708097413
1520,9.953314473684193,0.06085673026681034
1521,9.955844838921767,0.0600233545980609
1522,9.959367279894868,0.06394065537754089
1523,9.961646093237034,0.06237899720315964
1524,9.960185695538039,0.0639918571724083
1525,9.961128524590164,0.06272878588801278
1526,9.961366317169066,0.0637872001210687
1527,9.962679764243605,0.061086177275379364
1528,9.96386714659687,0.06007552005908135
1529,9.96614977109221,0.06373530404437384
1530,9.966325490196079,0.0620366166630425
1531,9.970985630306986,0.06572666223967666
1532,9.968422976501305,0.0628596742086366
1533,9.967700587084138,0.0639256552149211
1534,9.970444589308993,0.06237576790761508
1535,9.972133550488602,0.06459613177603556
1536,9.971921223958335,0.060125029802039646
1537,9.97323812621991,0.0625776074403374
1538,9.974738621586496,0.06103990241673021
1539,9.975777777777775,0.062304831253923866
1540,9.97662662337662,0.06425523012957698
1541,9.979714471122659,0.06408792846924113
1542,9.977981193255506,0.06217798184214014
1543,9.982167854828266,0.05908956819757923
1544,9.980576424870474,0.06023915613093601
1545,9.979614239482196,0.058992913095722965
1546,9.982547865459237,0.06188944902929389
1547,9.980644473173875,0.05882883455267634
1548,9.982189922480613,0.06024411170628544
1549,9.988517107811491,0.06367269202666552
1550,9.985999999999981,0.06171213761684465
1551,9.987643455834935,0.06187526456377298
1552,9.989255798969076,0.06230927088472613
1553,9.987097875080496,0.060809812522227266
1554,9.990379021879027,0.05978980740867817
1555,9.993323472668813,0.06699396251708477
1556,9.995125964010283,0.0640583263502926
1557,9.995707771355155,0.061316814883527464
1558,9.993796534017983,0.062158119454999376
1559,9.995893521488131,0.06169478701962841
1560,9.99571025641026,0.059258898082670985
1561,9.995978859705334,0.06009061584031085
1562,9.996898207426382,0.060998781994757154
1563,10.000985924504166,0.05949583532787714
1564,9.999120843989777,0.05855632760047276
1565,10.003647923322687,0.05992992440419018
1566,10.000471902937406,0.05849124989436972
1567,10.002121250797702,0.06019396084485452
1568,10.005107780612247,0.059631319284613134
1569,10.00804333970682,0.06332087215658588
1570,10.006393630573243,0.06156721819509308
1571,10.008807765754293,0.05951922175301222
1572,10.00537086513994,0.058296245334235774
1573,10.00753528289893,0.059594849205943295
1574,10.00827954256672,0.06252771997731414
1575,10.00967238095237,0.061642826366324455
1576,10.010149111675133,0.05870385744417853
1577,10.015707038681061,0.06175734286381178
1578,10.015538656527267,0.06148154809102711
1579,10.014533882203919,0.05734658928995964
1580,10.015661392405056,0.05908743604304827
1581,10.020953194180896,0.05907971280252495
1582,10.019763590391907,0.06350243633794718
1583,10.016507896399236,0.06155586866925253
1584,10.020283459595962,0.06217058876938704
1585,10.02047255520506,0.05859705608933252
1586,10.021133039092064,0.057189505834769644
1587,10.023457466918714,0.06179897846397455
1588,10.02181171284634,0.059334969337081336
1589,10.023475770925106,0.05958999755742418
1590,10.025121383647797,0.05932818030017696
1591,10.02449088623506,0.0563602357125642
1592,10.031600502512577,0.0630525909080802
1593,10.029156308851244,0.058445080534670284
1594,10.030091593475518,0.05707897260406727
1595,10.03092664576802,0.058913237181780195
1596,10.030337092731838,0.05688356727730818
1597,10.033681903569176,0.05534297764873866
1598,10.034064455569453,0.058652695023131335
1599,10.033731081926204,0.06018948971326781
1600,10.035490624999992,0.05873468143043235
1601,10.037053091817603,0.05628411418055377
1602,10.03941760299626,0.059558816731035746
1603,10.04113038053649,0.05889181355933555
1604,10.035153366583538,0.05673747963933015
1605,10.040814330218062,0.0579965257214513
1606,10.039419053549194,0.05651314165844618
1607,10.04003671437461,0.0579761859918932
1608,10.040924129353229,0.05891596336122515
1609,10.044101305158476,0.057846781287764014
1610,10.040039751552792,0.05732307088975957
1611,10.042441340782132,0.05605696650374979
1612,10.049403225806447,0.059093111996138085
1613,10.050230006199623,0.06133586422597509
1614,10.04830978934326,0.05774101471290959
1615,10.04856160990712,0.05685146887606668
1616,10.0499146039604,0.058781323827522686
1617,10.049896103896097,0.05515424203922345
1618,10.053140914709527,0.06079830713196572
1619,10.051245213094504,0.057666367495265894
1620,10.053421604938276,0.054952960135864856
1621,10.0551961752005,0.058324234408301846
1622,10.055384710234291,0.05843230190586283
1623,10.055244608749232,0.054824646312757755
1624,10.05603386699507,0.054864106992625936
1625,10.057763076923079,0.057384649288503085
1626,10.059369618696183,0.058895240489487424
1627,10.061532882606008,0.05969956656652077
1628,10.063442260442255,0.058818277423508945
1629,10.06158195211787,0.05694084134441888
1630,10.061640490797547,0.05625273551170611
1631,10.063703249540156,0.056478275958330895
1632,10.067288602941174,0.05815463873522742
1633,10.067279240661371,0.055690531215859665
1634,10.0638023255814,0.05757503115022654
1635,10.066866055045868,0.05828504772766982
1636,10.069476161369195,0.05811052854896356
1637,10.070502748930972,0.059221128052094785
1638,10.072767399267404,0.05694070744284102
1639,10.073266625991451,0.05810512202515444
1640,10.074409146341454,0.05779167171553172
1641,10.075566118220603,0.05802037678515475
1642,10.078498781973186,0.05709108707621764
1643,10.074073645769927,0.05224884542037523
1644,10.079493309002416,0.059731037712504355
1645,10.079110030395144,0.057997347505713254
1646,10.079243013365723,0.05769809684371976
1647,10.07873952641165,0.05614035933535357
1648,10.078156553398056,0.05386118939115043
1649,10.082730745906597,0.058498241188786465
1650,10.084203636363695,0.05804288938274136
1651,10.084589945487593,0.05900724903311824
1652,10.08407021791768,0.054130902126370936
1653,10.087347852389595,0.059428927306112114
1654,10.086744860943154,0.05768702902496729
1655,10.090987311178253,0.05766410718225131
1656,10.091619565217401,0.05880833598859542
1657,10.086196741098378,0.05677735334325062
1658,10.08873462002416,0.05831844428158646
1659,10.092128993369473,0.057562510127505954
1660,10.094890361445794,0.058474764120110864
1661,10.09229620710416,0.05926054247623479
1662,10.092384476534296,0.05851594120748369
1663,10.09590619362598,0.05457573718935251
1664,10.095509615384605,0.05798790837378573
1665,10.09816696696696,0.05563760290244908
1666,10.101575030012011,0.0573670968162089
1667,10.10114637072585,0.05934006308014623
1668,10.100908872901687,0.05666662779804452
1669,10.098609346914316,0.0560166409529188
1670,10.100401796407187,0.05649648638572471
1671,10.104649910233404,0.05766910352595983
1672,10.103374401913879,0.056698416446922556
1673,10.10667722653915,0.05887212281914578
1674,10.105540023894866,0.05821109806223128
1675,10.107166567164185,0.057506670459503605
1676,10.107871121718384,0.055911457242444854
1677,10.106846750149085,0.05749457060507263
1678,10.109330154946369,0.05796052499691379
1679,10.11222036926741,0.05777072529452464
1680,10.112723809523825,0.057447336821966906
1681,10.11297858417609,0.057332912773818065
1682,10.111298454221163,0.05563380302091748
1683,10.11410516934047,0.0591022388299439
1684,10.117023752969116,0.060550889375675196
1685,10.115874777448079,0.058453120115820635
1686,10.115362396204025,0.05597652226593263
1687,10.118048014226444,0.058196810242426206
1688,10.119136255924165,0.059411928419723446
1689,10.120783303730018,0.05883081134160537
1690,10.121534319526642,0.056893860525529506
1691,10.12556179775282,0.058076209523639934
1692,10.12276300236407,0.06004939223675104
1693,10.123871234494995,0.056760358597802964
1694,10.124347107438025,0.058909209218810966
1695,10.128338053097334,0.06132413155199517
1696,10.127178655660362,0.057679380895946396
1697,10.131111373011189,0.060097813291322195
1698,10.126554181389864,0.05665861830501898
1699,10.131323131253673,0.05613333162911503
1700,10.130247058823539,0.05866155818169598
1701,10.131956496178722,0.057646015891625386
1702,10.131542890716801,0.056649221308652874
1703,10.135334703464473,0.05931311451040098
1704,10.134519366197178,0.057637474409545635
1705,10.135757771260995,0.05939034589598813
1706,10.140207502930842,0.060023167210204634
1707,10.137549502050376,0.05804991175278379
1708,10.135868852459005,0.05734582474958618
1709,10.139661790520778,0.057265775554770915
1710,10.142146198830398,0.05798415653388729
1711,10.140140268848613,0.056491458762112874
1712,10.139822429906532,0.05639225318534865
1713,10.141851138353768,0.05727567728413058
1714,10.144443990665104,0.0561889018858357
1715,10.146053061224501,0.05843682102951985
1716,10.144418997668996,0.057045947375059004
1717,10.146168316831687,0.056974699968004076
1718,10.146603608847492,0.056699425704472645
1719,10.146896451425254,0.05544641678822193
1720,10.149416279069763,0.05765774791889136
1721,10.150645554909937,0.05913812940880185
1722,10.147491289198605,0.059353978850235696
1723,10.151219384793963,0.05842601031320805
1724,10.154632830626458,0.059600456499599205
1725,10.156954782608699,0.05808164224294519
1726,10.155301274623428,0.058285586305889946
1727,10.156253039953688,0.058341698010830195
1728,10.155630208333333,0.0571066092060783
1729,10.15768421052632,0.059338329764403515
1730,10.156531213872828,0.056700378077535356
1731,10.160049104563837,0.05869733299319189
1732,10.163904157043886,0.05923363232061897
1733,10.158442585112535,0.05525949122459345
1734,10.158911764705897,0.0562257332092281
1735,10.16186801152737,0.05765160538024983
1736,10.161295506912435,0.056752825780531625
1737,10.163297639608524,0.05661572106679416
1738,10.164780782508643,0.056696682022543396
1739,10.163978723404254,0.0546602003372974
1740,10.168481034482761,0.057993592929859505
1741,10.167977024698462,0.055114245796740825
1742,10.169107347876018,0.059290165363039916
1743,10.167427997705106,0.058227168971758614
1744,10.173672591743125,0.0590780839147645
1745,10.171443553008588,0.05918922053511755
1746,10.171902061855686,0.058178724376493046
1747,10.174646250715522,0.05857684927143435
1748,10.173008581235713,0.05915654200888854
1749,10.175535162950256,0.058546604965806916
1750,10.179339428571431,0.06094567849339614
1751,10.176271844660205,0.059206625125619826
1752,10.178099885844736,0.05625093112789195
1753,10.180890473474035,0.058756768697824806
1754,10.180049600912199,0.060384195515807926
1755,10.179499715099714,0.05679231039565953
1756,10.184002277904336,0.05997219196711892
1757,10.179994877632327,0.05499844737440551
1758,10.185981228668952,0.06011883195925571
1759,10.184911313246172,0.0641196081091216
1760,10.189810227272725,0.05737598253313453
1761,10.186222600794991,0.05872596315381249
1762,10.186280930760496,0.05874857634948783
1763,10.189128757799201,0.05905381759340576
1764,10.189090702947833,0.060137851224768474
1765,10.187673654390938,0.056215663088759596
1766,10.191941109852765,0.059949444064565593
1767,10.19272722127901,0.05904390404447625
1768,10.193666289592757,0.059337103889087375
1769,10.195433013001704,0.05901020187779115
1770,10.19241016949153,0.058911638382969415
1771,10.195066064370424,0.059611672342983875
1772,10.197642776523706,0.0590800631289357
1773,10.200370558375614,0.06127540082642819
1774,10.198158399098077,0.059080201195202464
1775,10.200592112676063,0.05643117482600908
1776,10.202175112612608,0.05856787280556685
1777,10.203148002250957,0.05838411418176753
1778,10.199881327334095,0.059533159917062844
1779,10.201948847667223,0.05761164708084393
1780,10.205040449438195,0.06115145498606937
1781,10.204508141493534,0.05909416244612075
1782,10.205886083052754,0.06255675365881717
1783,10.210224340998327,0.06152797560064461
1784,10.204980941704049,0.05702934578434868
1785,10.209207282913159,0.060656587266575177
1786,10.211043673012323,0.06598792642229988
1787,10.21096474538333,0.05666731125115907
1788,10.211517337807608,0.05813476252229308
1789,10.21520178870879,0.060821415527269
1790,10.210718435754197,0.059032616830696646
1791,10.214659408151876,0.05922754263543504
1792,10.215657924107134,0.06177723107411642
1793,10.21530061349694,0.060279523901529894
1794,10.213645484949836,0.06044922058005994
1795,10.219603342618388,0.060836809237361664
1796,10.221631959910905,0.06164478275059742
1797,10.217381190873674,0.06062706247692704
1798,10.221054505005576,0.05737946625088877
1799,10.222360755975545,0.060632670952931525
1800,10.224142222222225,0.062399291860495955
1801,10.221112715158247,0.06160379660280647
1802,10.224009433962273,0.05900345959205016
1803,10.222167498613432,0.060683857209195516
1804,10.223346452328135,0.05846605061087637
1805,10.223900277008322,0.06028732496852386
1806,10.2271096345515,0.06167851706676769
1807,10.225460985058115,0.059809259927918836
1808,10.228766039822988,0.06067785454718379
1809,10.233364842454368,0.062263173940443305
1810,10.233735359116032,0.06251489802354261
1811,10.235055218111537,0.06144978938912849
1812,10.232454194260496,0.060327813446235695
1813,10.23172366243795,0.06041532787477822
1814,10.236523704520387,0.06055271704490339
1815,10.239384573002766,0.06089423028486281
1816,10.235823788546263,0.05708696606564182
1817,10.23647716015409,0.059725535090826024
1818,10.235293729372943,0.05939768487637278
1819,10.235930731170976,0.05602706590419972
1820,10.23804065934066,0.05916496488359974
1821,10.24081164195498,0.05990680975220053
1822,10.240633918770582,0.06273956888077484
1823,10.242023587493144,0.062092755929174834
1824,10.24248684210528,0.05950328247248219
1825,10.244720547945205,0.060220052532073236
1826,10.244356516977001,0.059085150606051066
1827,10.247925013683616,0.05896880035596758
1828,10.243687089715529,0.05958154293376836
1829,10.24697211591035,0.06046535023250237
1830,10.249038251366112,0.06063202509957878
1831,10.248758055707262,0.06073637709030635
1832,10.252289301310038,0.05874754902834652
1833,10.254396072013073,0.06288199465524529
1834,10.253139585605235,0.06249030667533629
1835,10.253717166212528,0.05912938874948981
1836,10.254714052287584,0.061675454084187446
1837,10.255867719107238,0.060030904035661414
1838,10.256798694232872,0.060690996449762356
1839,10.255609570418697,0.060360178216700755
1840,10.255694021739137,0.060015050764205415
1841,10.258086366105346,0.058626590686599374
1842,10.262112920738321,0.06301023168898198
1843,10.258330439500824,0.060561934789118865
1844,10.263956616052065,0.06651964669952025
1845,10.26208726287264,0.06061746891224621
1846,10.263199891657619,0.06096150737935035
1847,10.262244721169438,0.06089837842920118
1848,10.262684523809511,0.061703723579361935
1849,10.263209843158457,0.05954675495652413
1850,10.267036756756765,0.060353697382416215
1851,10.267437601296594,0.06228937047075216
1852,10.270401727861776,0.06242498342171611
1853,10.265981111710735,0.05793905779588891
1854,10.267806364617048,0.05904387099377097
1855,10.269191374663086,0.0617748442755656
1856,10.273471982758622,0.06328216611137942
1857,10.269837372105552,0.058463196621494386
1858,10.274150699677081,0.060721070151890114
1859,10.272982786444322,0.06032918112390879
1860,10.276082258064518,0.06045222070581479
1861,10.273587855991407,0.06117932795854115
1862,10.2771058002148,0.06116734702846289
1863,10.276740203972093,0.06405753902311773
1864,10.278368025751067,0.06021718169426751
1865,10.275942627345849,0.05985991911341641
1866,10.280040728831715,0.06250416818249377
1867,10.28417943224424,0.0631292135794425
1868,10.281264453961457,0.05963310630734896
1869,10.284716425896184,0.06291145368809857
1870,10.281020855614965,0.05881409724816679
1871,10.28446231961517,0.059118467668973884
1872,10.283416132478633,0.05867352941948936
1873,10.287214095034717,0.06115234468655209
1874,10.288283351120588,0.06273334560502684
1875,10.28637546666665,0.06241379194362591
1876,10.286691897654581,0.06011392447310158
1877,10.288814064997332,0.061912963684273896
1878,10.290378594249187,0.06076020553554866
1879,10.29165141032464,0.06312722980838609
1880,10.291832446808494,0.06082762291914102
1881,10.290602339181266,0.05979159985104014
1882,10.291349096705636,0.05961299365161543
1883,10.296404142326086,0.06237910248918424
1884,10.295227176220815,0.06046903030867304
1885,10.300641379310319,0.06587234028344442
1886,10.2960980911983,0.05954786231531076
1887,10.296618441971388,0.06056566497133283
1888,10.301245233050834,0.06392961739390418
1889,10.29918740074115,0.06208074770988042
1890,10.298519576719583,0.06245121540747225
1891,10.30305975674246,0.06321127283531808
1892,10.30016067653277,0.06168519213564303
1893,10.303902799788696,0.06132139376992244
1894,10.3033717001056,0.06347791490104136
1895,10.305850659630606,0.06122779028320097
1896,10.304921940928258,0.06146585772206748
1897,10.306659462308913,0.06009409526756503
1898,10.308897787144351,0.0600000385298138
1899,10.305253291205888,0.060113879437316595
1900,10.30831947368423,0.06092923044123135
1901,10.313143608627028,0.0643370085425353
1902,10.310127760252389,0.06250552519416194
1903,10.309834471886484,0.06257281732988015
1904,10.310107668067221,0.062280498173416056
1905,10.31359107611548,0.06254377651440246
1906,10.31195697796434,0.06196090933865418
1907,10.314671211326703,0.06262495235129167
1908,10.316096436058691,0.06248662215471
1909,10.320968569931892,0.06377190928556523
1910,10.319656020942414,0.06306506497825992
1911,10.320655154369433,0.06132718695688856
1912,10.316595188284527,0.06217932364562028
1913,10.323930475692624,0.06507637214784606
1914,10.319156217345876,0.06616942105485267
1915,10.320751436031328,0.06181278461681108
1916,10.32052192066805,0.061280295916074
1917,10.3249645279082,0.06337775959011765
1918,10.325842022940552,0.06427638079028304
1919,10.326152683689418,0.06232944739971534
1920,10.329591666666682,0.066662121720076
1921,10.326739718896414,0.06415934189742462
1922,10.328847034339223,0.06374631367672363
1923,10.326456578263123,0.060819508070158984
1924,10.329174636174626,0.06313433712272438
1925,10.330581818181816,0.0633113760365259
1926,10.32977258566978,0.06346141763163554
1927,10.332034250129727,0.060867209455913444
1928,10.33051970954357,0.060749525192950106
1929,10.334978745463992,0.06437108939521366
1930,10.333679792746091,0.06347066510180267
1931,10.33143241843603,0.06317984817158721
1932,10.334802795031056,0.061997537839444505
1933,10.33750853595446,0.06407145069139338
1934,10.336697518097207,0.06363391607573925
1935,10.337021188630489,0.06414803599750916
1936,10.340243285123972,0.062022412610247095
1937,10.341095508518329,0.06253634003352815
1938,10.338610423116618,0.06087045962714396
1939,10.338755028365137,0.0613281408679082
1940,10.34265515463918,0.06436707349766352
1941,10.343595569294186,0.06407703652074463
1942,10.338656024716792,0.06322090308416689
1943,10.344109624292338,0.06371171877693656
1944,10.342255144032928,0.06511907174855786
1945,10.34898406169666,0.06418352357798028
1946,10.34674306269271,0.062105996764975295
1947,10.34691679506934,0.06518998651580397
1948,10.349875770020532,0.06687953224234268
1949,10.352710620831195,0.06330213584241248
1950,10.349744615384624,0.06339874126057539
1951,10.35453716043055,0.06729005904322231
1952,10.351929815573758,0.06276628370592666
1953,10.355490527393766,0.06316441828616978
1954,10.358199590583421,0.06420763710942212
1955,10.358617902813304,0.06787277095565544
1956,10.353981595092034,0.06300057143553865
1957,10.358943791517623,0.06535604189817777
1958,10.35432482124616,0.06361251612047833
1959,10.359201123021963,0.06074720716005953
1960,10.354928571428573,0.06237596271560099
1961,10.358404895461508,0.06064637859857614
1962,10.361530581039752,0.06419444468876596
1963,10.361045848191551,0.0638597259652248
1964,10.362769348268827,0.0669165042730894
1965,10.363809669211202,0.06583326369792221
1966,10.360305696846403,0.0621454293180683
1967,10.364596847991846,0.06536244758538695
1968,10.366695121951219,0.06622674708564436
1969,10.370406297613,0.06337517762542386
1970,10.364097969543137,0.0633962040315835
1971,10.36730593607305,0.06445724092846765
1972,10.37149492900609,0.06485566546701588
1973,10.37033907754688,0.0634725078130293
1974,10.371250253292812,0.06380406055897093
1975,10.369612658227851,0.06359765529745133
1976,10.372354757085027,0.06448999539245155
1977,10.374742033383926,0.0658071993457155
1978,10.374763902932258,0.06575047046028044
1979,10.37525113693786,0.06642204081499659
1980,10.371073232323226,0.06456426152831987
1981,10.376090863200382,0.06822130474631798
1982,10.377067103935422,0.06626660692161358
1983,10.37771759959656,0.06612754340198754
1984,10.377977318548377,0.06534535992510716
1985,10.37817078085644,0.06620119187529074
1986,10.378825780463252,0.06419862743848424
1987,10.383564670357313,0.06912844479915696
1988,10.382788732394364,0.06757683464276146
1989,10.38085671191554,0.06505705534554979
1990,10.38686281407036,0.0646625553722634
1991,10.385421898543456,0.06634446665616384
1992,10.38554518072288,0.0653410074754524
1993,10.387667837431009,0.06190958247362431
1994,10.3834137412237,0.0642987682491332
1995,10.388361904761897,0.06261286586268931
1996,10.388292084168352,0.06097502317952141
1997,10.388529293940902,0.06671557747561722
1998,10.39002552552553,0.06704028411887723
1999,10.389372686343172,0.06471731684809899
2000,10.389847999999986,0.06419076955450836
2001,10.391526736631693,0.06409089696490029
2002,10.392831668331675,0.06503984744797708
2003,10.392893160259618,0.06240683729245896
2004,10.398017964071867,0.06694568007556989
2005,10.39451421446384,0.06314347817630318
2006,10.395122632103702,0.06308189021295332
2007,10.400092675635285,0.06572064831883186
2008,10.400933266932258,0.06438385327094738
2009,10.400499253359886,0.06596556397168585
2010,10.398600497512442,0.06591419482876025
2011,10.401560914967686,0.06483571614291342
2012,10.40061580516898,0.06404650838666542
2013,10.404275211127672,0.06341657955491567
2014,10.403525322740808,0.06647594118122685
2015,10.403388585607935,0.06740265049861631
2016,10.407086805555556,0.06597201901858844
2017,10.405909271194844,0.06484905451730852
2018,10.404351337958365,0.06370387461788402
2019,10.409871718672623,0.06687836715455639
2020,10.405411881188133,0.06554787721528937
2021,10.409927758535373,0.06748021180484777
2022,10.412009891196822,0.06581816528044492
2023,10.410371230845275,0.06678153535981281
2024,10.409163043478257,0.0638323452029383
2025,10.411512098765435,0.06642259603076298
2026,10.412612043435358,0.0626831499181703
2027,10.411315244203266,0.06393477842019546
2028,10.415501479289953,0.0649276239591542
2029,10.414804337111883,0.06494941827038186
2030,10.417913300492613,0.06765464498026479
2031,10.41727326440178,0.06846243203052593
2032,10.41658956692912,0.06753509611405516
2033,10.419885391047725,0.06768005208633217
2034,10.417362831858382,0.06453442201550023
2035,10.420815724815721,0.06503373966505524
2036,10.424791748526518,0.06506798413114433
2037,10.424738340697123,0.0685146879259734
2038,10.420411187438667,0.06472305045101957
2039,10.423852869053468,0.06442330908288349
2040,10.426607843137246,0.06844087663649001
2041,10.424090151886334,0.06674858540397283
2042,10.423710577864822,0.06554759905223431
2043,10.428839941262853,0.06829800599378175
2044,10.426868395303352,0.06936932884913188
2045,10.428695843520796,0.06854130742366346
2046,10.43112170087973,0.06764952913797415
2047,10.42877381533952,0.06692592327218481
2048,10.4291416015625,0.06586959682795829
2049,10.433607125427049,0.06781245412860763
2050,10.425955609756056,0.0676298518668613
2051,10.433308142369539,0.06800388515346939
2052,10.432714912280703,0.06734613191267852
2053,10.433716025328797,0.06637730853052512
2054,10.434449367088607,0.06579835852437492
2055,10.433528467153286,0.06627239013433399
2056,10.435426070038897,0.06750495879051428
2057,10.436434127369948,0.06761629259574228
2058,10.44110787172011,0.06649816357710336
2059,10.440280233122884,0.06934969613223202
2060,10.436486893203893,0.0645285958406576
2061,10.446365841824349,0.06964566576988579
2062,10.44163288069835,0.06554987166176793
2063,10.44424333494909,0.06669021920900459
2064,10.444121124031,0.0706102770288754
2065,10.445320096852297,0.06857913084469568
2066,10.448155856727974,0.07165375473601472
2067,10.441294629898408,0.06570894412788193
2068,10.44785976789168,0.06766350953269515
2069,10.448577090381827,0.06965184592775155
2070,10.450187439613547,0.07111699109275407
2071,10.449823756639303,0.06796552446999109
2072,10.446861486486489,0.06894117826829897
2073,10.453775205016878,0.0685783590413173
2074,10.449589681774361,0.07044113088326967
2075,10.45213060240963,0.06569548644493368
2076,10.452895472061664,0.06778073970013676
2077,10.450307655272026,0.06472243954900432
2078,10.45825553416746,0.07031301135598138
2079,10.45709475709476,0.06955646489551337
2080,10.459187019230772,0.06958231909534227
2081,10.453960595867391,0.0677573573919929
2082,10.459613352545643,0.07314890185126344
2083,10.45613922227556,0.06691660989087277
2084,10.45841218809978,0.06701435841493482
2085,10.458716546762602,0.06778410703656357
2086,10.461821668264623,0.06893799643540412
2087,10.463032103497849,0.06992370267155712
2088,10.468445881226046,0.07226228438384813
2089,10.463497367161333,0.06888599350436495
2090,10.469335406698567,0.07171236746601896
2091,10.463776661884216,0.0700323474112774
2092,10.462962237093683,0.06807092107830902
2093,10.467834687052084,0.06959730007764532
2094,10.465410219675276,0.07104089579053663
2095,10.465167064439147,0.0702221908935722
2096,10.465678435114492,0.06745381496112833
2097,10.470899380066754,0.06950132614719914
2098,10.466833174451871,0.07102005256523486
2099,10.469481181515004,0.06960959605591611
2100,10.471955238095243,0.07134860089013374
2101,10.475309852451229,0.07178183108823655
2102,10.473740247383446,0.06824609151670671
2103,10.476233475986682,0.06859933186441847
2104,10.475642585551343,0.06975086468240238
2105,10.472236579572451,0.06808240847243965
